original_name,new_name,category,asset_type,usage_rights,format,size_kb,dimensions,preview_url
"alert_sq9anw.png","alert.png","developer","primary","internal","png",17,"512x512","https://res.cloudinary.com/doa8o9alh/image/upload/v1768592095/alert_sq9anw.png"
"apple-touch-icon_ykckky.png","apple-touch-icon-1.png","developer","primary","internal","png",15,"180x180","https://res.cloudinary.com/doa8o9alh/image/upload/v1768590771/apple-touch-icon_ykckky.png"
"apple-touch-icon_pjjba9.png","apple-touch-icon.png","developer","primary","internal","png",31,"180x180","https://res.cloudinary.com/doa8o9alh/image/upload/v1768590776/apple-touch-icon_pjjba9.png"
"arrow_sipka0.png","arrow.png","developer","primary","internal","png",7,"512x512","https://res.cloudinary.com/doa8o9alh/image/upload/v1768592139/arrow_sipka0.png"
"biz-plan-icon_pe5wvy.png","biz-plan-icon.png","developer","primary","internal","png",12,"512x512","https://res.cloudinary.com/doa8o9alh/image/upload/v1768592101/biz-plan-icon_pe5wvy.png"
"blue-check_mghw5c.png","blue-check.png","developer","primary","internal","png",0,"32x32","https://res.cloudinary.com/doa8o9alh/image/upload/v1768592111/blue-check_mghw5c.png"
"chat-bubble-icon_ppwexx.svg","chat-bubble-icon.svg","developer","primary","internal","svg",1,"122x108","https://res.cloudinary.com/doa8o9alh/image/upload/v1742118599/chat-bubble-icon_ppwexx.svg"
"circle-arrow_qt2kpy.png","circle-arrow.png","developer","primary","internal","png",7,"333x294","https://res.cloudinary.com/doa8o9alh/image/upload/v1768592130/circle-arrow_qt2kpy.png"
"cloudinary-icon.png","cloudinary-icon.png","developer","primary","internal","png",56,"1000x1000","https://res.cloudinary.com/doa8o9alh/image/upload/v1736342535/samples/cloudinary-icon.png"
"connie-contact-ESicon_2_hs0lux.png","connie-contact-esicon.png","developer","primary","internal","png",2,"64x64","https://res.cloudinary.com/doa8o9alh/image/upload/v1768592113/connie-contact-ESicon_2_hs0lux.png"
"connie-contact-icon-64x64-white_w1c1uw.png","connie-contact-icon-64x64-white.png","developer","primary","internal","png",3,"64x60","https://res.cloudinary.com/doa8o9alh/image/upload/v1737735269/connie-contact-icon-64x64-white_w1c1uw.png"
"connie-contact-icon-white_nj5j86.png","connie-contact-icon-white.png","developer","primary","internal","png",2,"64x64","https://res.cloudinary.com/doa8o9alh/image/upload/v1737735215/connie-contact-icon-white_nj5j86.png"
"connie-headset-icon-black_z17nu0.png","connie-headset-icon-black.png","developer","primary","internal","png",375,"1830x1538","https://res.cloudinary.com/doa8o9alh/image/upload/v1737735314/connie-headset-icon-black_z17nu0.png"
"connie-headset-icon-pink_hvs3ka_myize9.png","connie-headset-icon-pink-hvs3ka-1.png","developer","primary","internal","png",660,"1830x1538","https://res.cloudinary.com/doa8o9alh/image/upload/v1750314538/connie-headset-icon-pink_hvs3ka_myize9.png"
"connie-headset-icon-pink_hvs3ka_ctqln9.png","connie-headset-icon-pink-hvs3ka.png","developer","primary","internal","png",660,"1830x1538","https://res.cloudinary.com/doa8o9alh/image/upload/v1757167683/connie-headset-icon-pink_hvs3ka_ctqln9.png"
"connie-headset-icon-pink_hvs3ka.png","connie-headset-icon-pink.png","developer","primary","internal","png",660,"1830x1538","https://res.cloudinary.com/doa8o9alh/image/upload/v1737735315/connie-headset-icon-pink_hvs3ka.png"
"facebook-messenger-icon_miztso.webp","facebook-messenger-icon.webp","developer","primary","internal","webp",6,"512x512","https://res.cloudinary.com/doa8o9alh/image/upload/v1742118625/facebook-messenger-icon_miztso.webp"
"favicon-16x16_ljcntu.png","favicon-16x16-1.png","developer","primary","internal","png",1,"16x16","https://res.cloudinary.com/doa8o9alh/image/upload/v1768590773/favicon-16x16_ljcntu.png"
"favicon-16x16_rqc2rq.png","favicon-16x16.png","developer","primary","internal","png",1,"16x16","https://res.cloudinary.com/doa8o9alh/image/upload/v1768590777/favicon-16x16_rqc2rq.png"
"favicon-32x32_ax7qqt.png","favicon-32x32-1.png","developer","primary","internal","png",2,"32x32","https://res.cloudinary.com/doa8o9alh/image/upload/v1768590773/favicon-32x32_ax7qqt.png"
"favicon-32x32_pdpt1v.png","favicon-32x32.png","developer","primary","internal","png",2,"32x32","https://res.cloudinary.com/doa8o9alh/image/upload/v1768590778/favicon-32x32_pdpt1v.png"
"favicon_copy_va2ohd.ico","favicon-copy.ico","developer","primary","internal","ico",15,"16x16","https://res.cloudinary.com/doa8o9alh/image/upload/v1768590776/favicon_copy_va2ohd.ico"
"favicon-white_pwxx2s.ico","favicon-white.ico","developer","primary","internal","ico",15,"16x16","https://res.cloudinary.com/doa8o9alh/image/upload/v1768590778/favicon-white_pwxx2s.ico"
"features-connie-alert_exhf9j.png","features-connie-alert.png","developer","primary","internal","png",279,"1025x800","https://res.cloudinary.com/doa8o9alh/image/upload/v1768591405/features-connie-alert_exhf9j.png"
"icon-web-browser_ltynez.jpg","icon-web-browser.jpg","developer","primary","internal","jpg",3888,"4000x3056","https://res.cloudinary.com/doa8o9alh/image/upload/v1767621291/icon-web-browser_ltynez.jpg"
"loading_yfsbml.png","loading.png","developer","primary","internal","png",9,"512x512","https://res.cloudinary.com/doa8o9alh/image/upload/v1768592135/loading_yfsbml.png"
"looping-arrows_neex8s.png","looping-arrows.png","developer","primary","internal","png",10,"512x512","https://res.cloudinary.com/doa8o9alh/image/upload/v1768592126/looping-arrows_neex8s.png"
"mp4-icon_xbymqi.png","mp4-icon.png","developer","primary","internal","png",7,"512x512","https://res.cloudinary.com/doa8o9alh/image/upload/v1768592102/mp4-icon_xbymqi.png"
"phone-voice-icon-1_aneyfa.png","phone-voice-icon-1.png","developer","primary","internal","png",738,"2048x2048","https://res.cloudinary.com/doa8o9alh/image/upload/v1745946237/phone-voice-icon-1_aneyfa.png"
"phone-voice-icon-2_vu8wxf.png","phone-voice-icon-2-1.png","developer","primary","internal","png",122,"792x1010","https://res.cloudinary.com/doa8o9alh/image/upload/v1745946238/phone-voice-icon-2_vu8wxf.png"
"phone-voice-icon-2_fnp59l.png","phone-voice-icon-2.png","developer","primary","internal","png",122,"792x1010","https://res.cloudinary.com/doa8o9alh/image/upload/v1768592085/phone-voice-icon-2_fnp59l.png"
"up-right-arrow_v8d5do.png","up-right-arrow.png","developer","primary","internal","png",8,"512x512","https://res.cloudinary.com/doa8o9alh/image/upload/v1768592141/up-right-arrow_v8d5do.png"
"whatsapp-icon-509x512_bozww3.png","whatsapp-icon-509x512-1.png","developer","primary","internal","png",16,"509x512","https://res.cloudinary.com/doa8o9alh/image/upload/v1742118624/whatsapp-icon-509x512_bozww3.png"
"whatsapp-icon-509x512_2_nbevbw.png","whatsapp-icon-509x512.png","developer","primary","internal","png",16,"509x512","https://res.cloudinary.com/doa8o9alh/image/upload/v1742118625/whatsapp-icon-509x512_2_nbevbw.png"
"connect-workflow-blank2_1_flptvs.jpg","connect-workflow-blank2.jpg","guidelines","primary","internal","jpg",225,"1611x941","https://res.cloudinary.com/doa8o9alh/image/upload/v1742914896/connect-workflow-blank2_1_flptvs.jpg"
"connie-connect-flow1_lrgx7f.jpg","connie-connect-flow1.jpg","guidelines","primary","internal","jpg",771,"2468x1368","https://res.cloudinary.com/doa8o9alh/image/upload/v1742914898/connie-connect-flow1_lrgx7f.jpg"
"connie-connect-flow1_mcbtt3.png","connie-connect-flow1.png","guidelines","primary","internal","png",709,"2386x1338","https://res.cloudinary.com/doa8o9alh/image/upload/v1742914896/connie-connect-flow1_mcbtt3.png"
"diagram_2_wpdjga.png","diagram-1.png","guidelines","primary","internal","png",738,"2010x1392","https://res.cloudinary.com/doa8o9alh/image/upload/v1768591425/diagram_2_wpdjga.png"
"diagram_sqlave.png","diagram.png","guidelines","primary","internal","png",738,"2010x1392","https://res.cloudinary.com/doa8o9alh/image/upload/v1768591426/diagram_sqlave.png"
"workflow-full_v1e9fy.png","workflow-full.png","guidelines","primary","internal","png",1881,"3872x1632","https://res.cloudinary.com/doa8o9alh/image/upload/v1768591433/workflow-full_v1e9fy.png"
"connie-inclusive-bubbles_dy7s6o.png","connie-inclusive-bubbles.png","logos","variant","internal","png",355,"800x800","https://res.cloudinary.com/doa8o9alh/image/upload/v1768591908/connie-inclusive-bubbles_dy7s6o.png"
"logo.png","connie-logo-1.png","logos","primary","internal","png",11,"480x314","https://res.cloudinary.com/doa8o9alh/image/upload/v1736342546/samples/logo.png"
"connie-logo-400x_tpv6ap.png","connie-logo-400x.png","logos","primary","internal","png",18,"400x111","https://res.cloudinary.com/doa8o9alh/image/upload/v1737735157/connie-logo-400x_tpv6ap.png"
"connie-logo-black-895x250_ia5pif.png","connie-logo-black-895x250.png","logos","primary","internal","png",20,"859x250","https://res.cloudinary.com/doa8o9alh/image/upload/v1737735137/connie-logo-black-895x250_ia5pif.png"
"connie-logo-black-strong_d16tdy.svg","connie-logo-black-strong.svg","logos","primary","internal","svg",60,"1276x357","https://res.cloudinary.com/doa8o9alh/image/upload/v1752952887/connie-logo-black-strong_d16tdy.svg"
"connie-logo-black_okpphu.png","connie-logo-black.png","logos","primary","internal","png",20,"859x250","https://res.cloudinary.com/doa8o9alh/image/upload/v1750314537/connie-logo-black_okpphu.png"
"connie-logo-svg_ubzd4k.svg","connie-logo-svg.svg","logos","primary","internal","svg",2062,"1276x357","https://res.cloudinary.com/doa8o9alh/image/upload/v1750679507/connie-logo-svg_ubzd4k.svg"
"connie-logo-white-thin-deja-Vu-Sans_uejpiv.png","connie-logo-white-thin-deja-vu-sans.png","logos","primary","internal","png",17,"807x214","https://res.cloudinary.com/doa8o9alh/image/upload/v1768591759/connie-logo-white-thin-deja-Vu-Sans_uejpiv.png"
"logoXX_pviuhn.png","connie-logo-xx.png","logos","primary","internal","png",31,"300x300","https://res.cloudinary.com/doa8o9alh/image/upload/v1768592109/logoXX_pviuhn.png"
"logo_gwudtm.png","connie-logo.png","logos","primary","internal","png",20,"300x300","https://res.cloudinary.com/doa8o9alh/image/upload/v1737735284/logo_gwudtm.png"
"connie-logoa_1_gpqbzm.png","connie-logoa.png","logos","primary","internal","png",46,"1276x357","https://res.cloudinary.com/doa8o9alh/image/upload/v1750679531/connie-logoa_1_gpqbzm.png"
"1_14_25-nss-faxcutover_jmuuzz.png","1-14-25-nss-faxcutover.png","photos","archive","internal","png",975,"3082x1054","https://res.cloudinary.com/doa8o9alh/image/upload/v1737737917/1_14_25-nss-faxcutover_jmuuzz.png"
"27122-ai_d9kgku.png","27122-ai.png","photos","archive","internal","png",239,"1288x1028","https://res.cloudinary.com/doa8o9alh/image/upload/v1767621363/27122-ai_d9kgku.png"
"90259cd8-3584-4b9c-a3cf-8e20ad361ec8_k4qapf.jpg","90259cd8-3584-4b9c-a3cf-8e20ad361ec8.jpg","photos","archive","internal","jpg",948,"4001x4001","https://res.cloudinary.com/doa8o9alh/image/upload/v1737134910/90259cd8-3584-4b9c-a3cf-8e20ad361ec8_k4qapf.jpg"
"adi-goldstien-connie_cqwytm.png","adi-goldstien-connie.png","photos","archive","internal","png",858,"984x908","https://res.cloudinary.com/doa8o9alh/image/upload/v1768591931/adi-goldstien-connie_cqwytm.png"
"agent-id-amelia_sfqebs.png","agent-id-amelia.png","photos","archive","internal","png",43,"278x278","https://res.cloudinary.com/doa8o9alh/image/upload/v1767621306/agent-id-amelia_sfqebs.png"
"agent-informer_wuger2.jpg","agent-informer.jpg","photos","archive","internal","jpg",275,"884x1254","https://res.cloudinary.com/doa8o9alh/image/upload/v1741855316/agent-informer_wuger2.jpg"
"agent-informer_skkgxt.png","agent-informer.png","photos","archive","internal","png",274,"884x1254","https://res.cloudinary.com/doa8o9alh/image/upload/v1741855316/agent-informer_skkgxt.png"
"alex-tsarapkine_itjpc7.png","alex-tsarapkine.png","photos","archive","internal","png",563,"922x846","https://res.cloudinary.com/doa8o9alh/image/upload/v1768591919/alex-tsarapkine_itjpc7.png"
"analytics_cuuyxp.svg","analytics.svg","photos","archive","internal","svg",4,"64x64","https://res.cloudinary.com/doa8o9alh/image/upload/v1737735950/analytics_cuuyxp.svg"
"android-chrome-192x192_gwyemg.png","android-chrome-192x192.png","photos","archive","internal","png",34,"192x192","https://res.cloudinary.com/doa8o9alh/image/upload/v1768590774/android-chrome-192x192_gwyemg.png"
"android-chrome-512x512_myspks.png","android-chrome-512x512-1.png","photos","archive","internal","png",41,"512x512","https://res.cloudinary.com/doa8o9alh/image/upload/v1768590770/android-chrome-512x512_myspks.png"
"android-chrome-512x512_zb4vxp.png","android-chrome-512x512.png","photos","archive","internal","png",160,"512x512","https://res.cloudinary.com/doa8o9alh/image/upload/v1768590775/android-chrome-512x512_zb4vxp.png"
"api_2_qvdsqq.png","api-1.png","photos","archive","internal","png",6,"128x128","https://res.cloudinary.com/doa8o9alh/image/upload/v1768592087/api_2_qvdsqq.png"
"api_aixps3.png","api-2.png","photos","archive","internal","png",6,"128x128","https://res.cloudinary.com/doa8o9alh/image/upload/v1742914937/api_aixps3.png"
"api_kxk4qm.png","api.png","photos","archive","internal","png",14,"512x512","https://res.cloudinary.com/doa8o9alh/image/upload/v1768592133/api_kxk4qm.png"
"beta-tester-club_ao21ey.png","beta-tester-club-1.png","photos","archive","internal","png",24,"512x512","https://res.cloudinary.com/doa8o9alh/image/upload/v1740144761/beta-tester-club_ao21ey.png"
"beta-tester-club_vmlffw.png","beta-tester-club.png","photos","archive","internal","png",24,"512x512","https://res.cloudinary.com/doa8o9alh/image/upload/v1742118690/beta-tester-club_vmlffw.png"
"blah_ufgwj2.jpg","blah.jpg","photos","archive","internal","jpg",57,"720x960","https://res.cloudinary.com/doa8o9alh/image/upload/v1750314537/blah_ufgwj2.jpg"
"blank-profile_xexutx.png","blank-profile.png","photos","primary","internal","png",21,"184x186","https://res.cloudinary.com/doa8o9alh/image/upload/v1740144760/blank-profile_xexutx.png"
"breadcrumb_hkw9tc.jpg","breadcrumb.jpg","photos","archive","internal","jpg",92,"1919x300","https://res.cloudinary.com/doa8o9alh/image/upload/v1737400637/breadcrumb_hkw9tc.jpg"
"browser_y8m5yk.png","browser.png","photos","archive","internal","png",9,"512x512","https://res.cloudinary.com/doa8o9alh/image/upload/v1742118578/browser_y8m5yk.png"
"bubble-chat_blauir.png","bubble-chat.png","photos","archive","internal","png",11,"512x512","https://res.cloudinary.com/doa8o9alh/image/upload/v1742118599/bubble-chat_blauir.png"
"Caleb-lim_jjdfyw.png","caleb-lim.png","photos","archive","internal","png",642,"800x725","https://res.cloudinary.com/doa8o9alh/image/upload/v1768591923/Caleb-lim_jjdfyw.png"
"call-or-text_epc0wm.png","call-or-text.png","photos","archive","internal","png",41,"526x522","https://res.cloudinary.com/doa8o9alh/image/upload/v1768592097/call-or-text_epc0wm.png"
"cameron-obrien-connie_x4r9sy.png","cameron-obrien-connie.png","photos","primary","internal","png",563,"756x742","https://res.cloudinary.com/doa8o9alh/image/upload/v1768591972/cameron-obrien-connie_x4r9sy.png"
"cat.jpg","cat.jpg","photos","archive","internal","jpg",91,"768x1024","https://res.cloudinary.com/doa8o9alh/image/upload/v1736342535/samples/animals/cat.jpg"
"cause-effect-balls_nru7z3.png","cause-effect-balls.png","photos","archive","internal","png",103,"1298x578","https://res.cloudinary.com/doa8o9alh/image/upload/v1767621375/cause-effect-balls_nru7z3.png"
"CBO-Perfect-storm_cuiuvq.png","cbo-perfect-storm-1.png","photos","archive","internal","png",761,"2494x1160","https://res.cloudinary.com/doa8o9alh/image/upload/v1767621492/CBO-Perfect-storm_cuiuvq.png"
"CBO-Perfect-storm_yvghbg.png","cbo-perfect-storm-2.png","photos","archive","internal","png",761,"2494x1160","https://res.cloudinary.com/doa8o9alh/image/upload/v1767621347/CBO-Perfect-storm_yvghbg.png"
"CBO-Perfect-storm_1_paclo0.png","cbo-perfect-storm.png","photos","archive","internal","png",666,"2494x1160","https://res.cloudinary.com/doa8o9alh/image/upload/v1767621497/CBO-Perfect-storm_1_paclo0.png"
"cbo-round-bottom_nkpb3y.png","cbo-round-bottom.png","photos","archive","internal","png",54,"846x972","https://res.cloudinary.com/doa8o9alh/image/upload/v1737735955/cbo-round-bottom_nkpb3y.png"
"cbo_1_hapuqu.png","cbo.png","photos","archive","internal","png",18,"512x692","https://res.cloudinary.com/doa8o9alh/image/upload/v1767621373/cbo_1_hapuqu.png"
"chat_1_nytp1m.png","chat-1.png","photos","archive","internal","png",15,"512x512","https://res.cloudinary.com/doa8o9alh/image/upload/v1742118700/chat_1_nytp1m.png"
"chat_econdd.png","chat-2.png","photos","archive","internal","png",17,"512x512","https://res.cloudinary.com/doa8o9alh/image/upload/v1742118691/chat_econdd.png"
"chat-buttle-gold_3_a5klvr.png","chat-buttle-gold-1.png","photos","archive","internal","png",42,"980x908","https://res.cloudinary.com/doa8o9alh/image/upload/v1742118695/chat-buttle-gold_3_a5klvr.png"
"chat-buttle-gold_1_vzv15c.png","chat-buttle-gold-2.png","photos","archive","internal","png",42,"980x908","https://res.cloudinary.com/doa8o9alh/image/upload/v1742118694/chat-buttle-gold_1_vzv15c.png"
"chat-buttle-gold_2_y8eo9w.png","chat-buttle-gold.png","photos","archive","internal","png",42,"980x908","https://res.cloudinary.com/doa8o9alh/image/upload/v1742118696/chat-buttle-gold_2_y8eo9w.png"
"chat-buttle-gold2_ynu3fn.png","chat-buttle-gold2.png","photos","archive","internal","png",42,"980x908","https://res.cloudinary.com/doa8o9alh/image/upload/v1742118697/chat-buttle-gold2_ynu3fn.png"
"chat_2_vc8dgx.png","chat.png","photos","archive","internal","png",11,"512x512","https://res.cloudinary.com/doa8o9alh/image/upload/v1742118702/chat_2_vc8dgx.png"
"chris-berno-connie_rsx8m1.png","chris-berno-connie.png","photos","primary","internal","png",986,"870x814","https://res.cloudinary.com/doa8o9alh/image/upload/v1768591970/chris-berno-connie_rsx8m1.png"
"chris-berno-LAX_pt6co9.png","chris-berno-lax.png","photos","primary","internal","png",517,"600x587","https://res.cloudinary.com/doa8o9alh/image/upload/v1768591948/chris-berno-LAX_pt6co9.png"
"chris-berno_yf4kst.png","chris-berno.png","photos","primary","internal","png",1136,"942x906","https://res.cloudinary.com/doa8o9alh/image/upload/v1768591939/chris-berno_yf4kst.png"
"clark-county-connie-vote-approved_ug72oq.jpg","clark-county-connie-vote-approved.jpg","photos","primary","internal","jpg",74,"640x481","https://res.cloudinary.com/doa8o9alh/image/upload/v1768591953/clark-county-connie-vote-approved_ug72oq.jpg"
"click-to-connect_prety0.png","click-to-connect.png","photos","archive","internal","png",20,"191x284","https://res.cloudinary.com/doa8o9alh/image/upload/v1768591827/click-to-connect_prety0.png"
"cloud-network_m2fdmq.png","cloud-network-1.png","photos","variant","internal","png",3,"128x128","https://res.cloudinary.com/doa8o9alh/image/upload/v1742914937/cloud-network_m2fdmq.png"
"cloud-network_j6h8c6.png","cloud-network.png","photos","variant","internal","png",3,"128x128","https://res.cloudinary.com/doa8o9alh/image/upload/v1768592088/cloud-network_j6h8c6.png"
"cloudinary-logo-vector.svg","cloudinary-logo-vector.svg","photos","variant","internal","svg",6,"1000x320","https://res.cloudinary.com/doa8o9alh/image/upload/v1736342535/samples/cloudinary-logo-vector.svg"
"clouds_1_kth7vf.png","clouds-1.png","photos","variant","internal","png",221,"1137x878","https://res.cloudinary.com/doa8o9alh/image/upload/v1767621341/clouds_1_kth7vf.png"
"clouds_ugrzmc.png","clouds-2.png","photos","variant","internal","png",11,"512x512","https://res.cloudinary.com/doa8o9alh/image/upload/v1767621340/clouds_ugrzmc.png"
"clouds_imu3cb.png","clouds-3.png","photos","variant","internal","png",11,"512x512","https://res.cloudinary.com/doa8o9alh/image/upload/v1742665487/clouds_imu3cb.png"
"clouds_tbcozu.png","clouds-4.png","photos","variant","internal","png",11,"512x512","https://res.cloudinary.com/doa8o9alh/image/upload/v1742118689/clouds_tbcozu.png"
"clouds_2_xzgzoy.png","clouds.png","photos","variant","internal","png",11,"512x512","https://res.cloudinary.com/doa8o9alh/image/upload/v1768592117/clouds_2_xzgzoy.png"
"community-partner-building_litdgr.png","community-partner-building.png","photos","archive","internal","png",44,"928x1004","https://res.cloudinary.com/doa8o9alh/image/upload/v1767621373/community-partner-building_litdgr.png"
"connect-engage-provide_xf34yh.png","connect-engage-provide-1.png","photos","archive","internal","png",43,"992x844","https://res.cloudinary.com/doa8o9alh/image/upload/v1767621352/connect-engage-provide_xf34yh.png"
"connect-engage-provide_2_vyfwnz.png","connect-engage-provide.png","photos","archive","internal","png",58,"992x844","https://res.cloudinary.com/doa8o9alh/image/upload/v1768591375/connect-engage-provide_2_vyfwnz.png"
"connie-agent-1_qqqr4t.png","connie-agent-1.png","photos","archive","internal","png",738,"824x812","https://res.cloudinary.com/doa8o9alh/image/upload/v1741333961/connie-agent-1_qqqr4t.png"
"connie-agent-2_mvp6lp.jpg","connie-agent-2.jpg","photos","archive","internal","jpg",291,"900x538","https://res.cloudinary.com/doa8o9alh/image/upload/v1741333958/connie-agent-2_mvp6lp.jpg"
"connie-agent-informer-blank_qoglio.jpg","connie-agent-informer-blank.jpg","photos","archive","internal","jpg",219,"1440x900","https://res.cloudinary.com/doa8o9alh/image/upload/v1742819054/connie-agent-informer-blank_qoglio.jpg"
"connie-agent-informer-blank_oifgub.psd","connie-agent-informer-blank.psd","photos","archive","internal","psd",2291,"1440x900","https://res.cloudinary.com/doa8o9alh/image/upload/v1742819054/connie-agent-informer-blank_oifgub.psd"
"connie-agent-sq_v3zdgs.jpg","connie-agent-sq.jpg","photos","archive","internal","jpg",729,"928x952","https://res.cloudinary.com/doa8o9alh/image/upload/v1741333959/connie-agent-sq_v3zdgs.jpg"
"connie-agent_hzjcyy.png","connie-agent.png","photos","archive","internal","png",1185,"928x1466","https://res.cloudinary.com/doa8o9alh/image/upload/v1741333960/connie-agent_hzjcyy.png"
"connie-agent1a_mjvpih.png","connie-agent1a.png","photos","archive","internal","png",581,"870x878","https://res.cloudinary.com/doa8o9alh/image/upload/v1741333959/connie-agent1a_mjvpih.png"
"connie-api-endpoints_plxc2k.jpg","connie-api-endpoints.jpg","photos","archive","internal","jpg",79,"916x462","https://res.cloudinary.com/doa8o9alh/image/upload/v1768591381/connie-api-endpoints_plxc2k.jpg"
"connie-at-large-graphql_gf2f7q.png","connie-at-large-graphql.png","photos","archive","internal","png",1068,"2226x1046","https://res.cloudinary.com/doa8o9alh/image/upload/v1768591429/connie-at-large-graphql_gf2f7q.png"
"connie-at-large._byv14h.png","connie-at-large..png","photos","archive","internal","png",477,"2226x1046","https://res.cloudinary.com/doa8o9alh/image/upload/v1768591424/connie-at-large._byv14h.png"
"connie-at-work-1500x1330_n0mxmu.jpg","connie-at-work-1500x1330.jpg","photos","archive","internal","jpg",1403,"1500x1330","https://res.cloudinary.com/doa8o9alh/image/upload/v1737087240/connie-at-work-1500x1330_n0mxmu.jpg"
"connie-bg-circle_htganj.png","connie-bg-circle.png","photos","secondary","internal","png",778,"2140x1044","https://res.cloudinary.com/doa8o9alh/image/upload/v1768591793/connie-bg-circle_htganj.png"
"connie-blue-bg_huju8o.png","connie-blue-bg.png","photos","archive","internal","png",139,"3240x1780","https://res.cloudinary.com/doa8o9alh/image/upload/v1768591790/connie-blue-bg_huju8o.png"
"connie-blue-bubbles-bg_qduh8y.jpg","connie-blue-bubbles-bg.jpg","photos","archive","internal","jpg",661,"2500x1373","https://res.cloudinary.com/doa8o9alh/image/upload/v1768591792/connie-blue-bubbles-bg_qduh8y.jpg"
"connie-browser-active-voicemail-task_jrwyyd.png","connie-browser-active-voicemail-task.png","photos","archive","internal","png",606,"2065x1464","https://res.cloudinary.com/doa8o9alh/image/upload/v1737068018/connie-browser-active-voicemail-task_jrwyyd.png"
"connie-browser_cj8dji.png","connie-browser.png","photos","archive","internal","png",129,"2710x1664","https://res.cloudinary.com/doa8o9alh/image/upload/v1767621288/connie-browser_cj8dji.png"
"Connie-Call-Cente-L-branded_ulch4m.jpg","connie-call-cente-l-branded.jpg","photos","archive","internal","jpg",297,"951x473","https://res.cloudinary.com/doa8o9alh/image/upload/v1767621451/Connie-Call-Cente-L-branded_ulch4m.jpg"
"connie-care-center-250_bkcwgu.png","connie-care-center-250.png","photos","archive","internal","png",7,"249x86","https://res.cloudinary.com/doa8o9alh/image/upload/v1755951890/connie-care-center-250_bkcwgu.png"
"connie-caregiver-female-01a_u8xdir.jpg","connie-caregiver-female-01a.jpg","photos","archive","internal","jpg",23,"566x492","https://res.cloudinary.com/doa8o9alh/image/upload/v1737065630/connie-caregiver-female-01a_u8xdir.jpg"
"connie-chat-bubble-white_rlw5n7.png","connie-chat-bubble-white-1.png","photos","archive","internal","png",8,"283x259","https://res.cloudinary.com/doa8o9alh/image/upload/v1737735232/connie-chat-bubble-white_rlw5n7.png"
"connie-chat-bubble-white_vejpfj.png","connie-chat-bubble-white.png","photos","archive","internal","png",8,"283x259","https://res.cloudinary.com/doa8o9alh/image/upload/v1768591762/connie-chat-bubble-white_vejpfj.png"
"connie-chat-bubble-white_seeu3h.svg","connie-chat-bubble-white.svg","photos","archive","internal","svg",9,"283x259","https://res.cloudinary.com/doa8o9alh/image/upload/v1737735245/connie-chat-bubble-white_seeu3h.svg"
"connie-chat-bubbles_gita1h.png","connie-chat-bubbles.png","photos","archive","internal","png",20,"512x512","https://res.cloudinary.com/doa8o9alh/image/upload/v1742118693/connie-chat-bubbles_gita1h.png"
"connie-community-college-b_v1xqk9.png","connie-community-college-b.png","photos","archive","internal","png",160,"638x615","https://res.cloudinary.com/doa8o9alh/image/upload/v1757167643/connie-community-college-b_v1xqk9.png"
"connie-community-college_i2lm6j.png","connie-community-college.png","photos","archive","internal","png",199,"800x784","https://res.cloudinary.com/doa8o9alh/image/upload/v1757167643/connie-community-college_i2lm6j.png"
"Connie-competitive-landscape2_w9rusz.png","connie-competitive-landscape2.png","photos","archive","internal","png",367,"1554x1262","https://res.cloudinary.com/doa8o9alh/image/upload/v1768591414/Connie-competitive-landscape2_w9rusz.png"
"connie-contact-logo-420x120_ufnpzc.png","connie-contact-logo-420x120.png","photos","archive","internal","png",11,"420x120","https://res.cloudinary.com/doa8o9alh/image/upload/v1737735113/connie-contact-logo-420x120_ufnpzc.png"
"connie-contact-rtc-logo-dev_dpvc7a.png","connie-contact-rtc-logo-dev.png","photos","archive","internal","png",4,"167x50","https://res.cloudinary.com/doa8o9alh/image/upload/v1757167612/connie-contact-rtc-logo-dev_dpvc7a.png"
"connie-dev-team_umf9j4.jpg","connie-dev-team-1.jpg","photos","primary","internal","jpg",288,"1076x540","https://res.cloudinary.com/doa8o9alh/image/upload/v1768591909/connie-dev-team_umf9j4.jpg"
"connie-dev-team_1_w2mfio.jpg","connie-dev-team.jpg","photos","primary","internal","jpg",337,"954x534","https://res.cloudinary.com/doa8o9alh/image/upload/v1768591911/connie-dev-team_1_w2mfio.jpg"
"connie-dev-team_hrtbfx.png","connie-dev-team.png","photos","primary","internal","png",390,"1076x540","https://res.cloudinary.com/doa8o9alh/image/upload/v1768591912/connie-dev-team_hrtbfx.png"
"connie-dev-team_etdndg.psd","connie-dev-team.psd","photos","primary","internal","psd",2829,"1076x540","https://res.cloudinary.com/doa8o9alh/image/upload/v1768591974/connie-dev-team_etdndg.psd"
"connie-direct-one-to-many-two-way_orilce.jpg","connie-direct-one-to-many-two-way.jpg","photos","archive","internal","jpg",34,"1176x672","https://res.cloudinary.com/doa8o9alh/image/upload/v1768591378/connie-direct-one-to-many-two-way_orilce.jpg"
"connie-headset-icon-black-outline_r0afii.png","connie-headset-icon-black-outline.png","photos","primary","internal","png",404,"1830x1538","https://res.cloudinary.com/doa8o9alh/image/upload/v1737735312/connie-headset-icon-black-outline_r0afii.png"
"connie-headset-icon-outline_cnq1bc.png","connie-headset-icon-outline.png","photos","primary","internal","png",49,"1830x1538","https://res.cloudinary.com/doa8o9alh/image/upload/v1737735311/connie-headset-icon-outline_cnq1bc.png"
"connie-how-it-works_xterug.jpg","connie-how-it-works.jpg","photos","archive","internal","jpg",616,"2216x896","https://res.cloudinary.com/doa8o9alh/image/upload/v1768591422/connie-how-it-works_xterug.jpg"
"connie-how-it-works_h4vjde.png","connie-how-it-works.png","photos","archive","internal","png",600,"2216x896","https://res.cloudinary.com/doa8o9alh/image/upload/v1768591422/connie-how-it-works_h4vjde.png"
"connie-inclusive-team-bubbles_afofza.png","connie-inclusive-team-bubbles.png","photos","primary","internal","png",308,"800x800","https://res.cloudinary.com/doa8o9alh/image/upload/v1768591906/connie-inclusive-team-bubbles_afofza.png"
"connie-ITadmin-female-01a-BG_bqlvts.png","connie-itadmin-female-01a-bg.png","photos","archive","internal","png",9436,"5000x5000","https://res.cloudinary.com/doa8o9alh/image/upload/v1737063438/connie-ITadmin-female-01a-BG_bqlvts.png"
"connie-ITadmin-female-01b_euxcqo.png","connie-itadmin-female-01b-1.png","photos","archive","internal","png",1173,"2000x1333","https://res.cloudinary.com/doa8o9alh/image/upload/v1737063484/connie-ITadmin-female-01b_euxcqo.png"
"connie-ITadmin-female-01b_va93vt.png","connie-itadmin-female-01b.png","photos","archive","internal","png",1173,"2000x1333","https://res.cloudinary.com/doa8o9alh/image/upload/v1737065155/connie-ITadmin-female-01b_va93vt.png"
"connie-ITadmin-male-000-headshot_ydgckm.png","connie-itadmin-male-000-headshot.png","photos","primary","internal","png",584,"734x781","https://res.cloudinary.com/doa8o9alh/image/upload/v1737066128/connie-ITadmin-male-000-headshot_ydgckm.png"
"connie-ITadmin-male-000-headshotb_ghdckw.png","connie-itadmin-male-000-headshotb.png","photos","primary","internal","png",382,"739x748","https://res.cloudinary.com/doa8o9alh/image/upload/v1737066129/connie-ITadmin-male-000-headshotb_ghdckw.png"
"connie-ITadmin-male-000a-round_cjdllr.png","connie-itadmin-male-000a-round.png","photos","archive","internal","png",203,"384x511","https://res.cloudinary.com/doa8o9alh/image/upload/v1737066131/connie-ITadmin-male-000a-round_cjdllr.png"
"connie-ITadmin-male-000aa_h6oz5v.png","connie-itadmin-male-000aa.png","photos","archive","internal","png",705,"734x970","https://res.cloudinary.com/doa8o9alh/image/upload/v1737066130/connie-ITadmin-male-000aa_h6oz5v.png"
"connie-ITadmin-male-00aaa_i1glvl.png","connie-itadmin-male-00aaa.png","photos","archive","internal","png",705,"734x970","https://res.cloudinary.com/doa8o9alh/image/upload/v1737066127/connie-ITadmin-male-00aaa_i1glvl.png"
"connie-one_f5yvkh.png","connie-one.png","photos","archive","internal","png",9,"76x88","https://res.cloudinary.com/doa8o9alh/image/upload/v1742118684/connie-one_f5yvkh.png"
"connie-plus-ascii-888x220-blue_jpflg8.png","connie-plus-ascii-888x220-blue.png","photos","archive","internal","png",44,"888x220","https://res.cloudinary.com/doa8o9alh/image/upload/v1752952888/connie-plus-ascii-888x220-blue_jpflg8.png"
"connie-plus-ascii-blue-162x40_d4toel.svg","connie-plus-ascii-blue-162x40.svg","photos","archive","internal","svg",8,"162x40","https://res.cloudinary.com/doa8o9alh/image/upload/v1752952887/connie-plus-ascii-blue-162x40_d4toel.svg"
"connie-prototype-user-guide_orxlrl.png","connie-prototype-user-guide.png","photos","archive","internal","png",461,"910x868","https://res.cloudinary.com/doa8o9alh/image/upload/v1768591409/connie-prototype-user-guide_orxlrl.png"
"connie-roles-permissions_loehyd.png","connie-roles-permissions.png","photos","archive","internal","png",2325,"3376x1274","https://res.cloudinary.com/doa8o9alh/image/upload/v1755951855/connie-roles-permissions_loehyd.png"
"connie-rtc-agent-panels_tmnbo3.png","connie-rtc-agent-panels.png","photos","archive","internal","png",778,"2420x1386","https://res.cloudinary.com/doa8o9alh/image/upload/v1741733267/connie-rtc-agent-panels_tmnbo3.png"
"connie-senior-female-00a_qv74dc.png","connie-senior-female-00a.png","photos","archive","internal","png",288,"499x522","https://res.cloudinary.com/doa8o9alh/image/upload/v1737065723/connie-senior-female-00a_qv74dc.png"
"connie-senior-female-00aa_vyohfw.png","connie-senior-female-00aa.png","photos","archive","internal","png",339,"800x522","https://res.cloudinary.com/doa8o9alh/image/upload/v1737065826/connie-senior-female-00aa_vyohfw.png"
"connie-senior-female-01a_ipow3p.png","connie-senior-female-01a-1.png","photos","archive","internal","png",1398,"2000x1407","https://res.cloudinary.com/doa8o9alh/image/upload/v1737063347/connie-senior-female-01a_ipow3p.png"
"connie-senior-female-01a_a0viw5.png","connie-senior-female-01a.png","photos","archive","internal","png",1398,"2000x1407","https://res.cloudinary.com/doa8o9alh/image/upload/v1737065151/connie-senior-female-01a_a0viw5.png"
"connie-senior-female-02a_lgvikr.png","connie-senior-female-02a-1.png","photos","archive","internal","png",1173,"2000x1333","https://res.cloudinary.com/doa8o9alh/image/upload/v1737063380/connie-senior-female-02a_lgvikr.png"
"connie-senior-female-02a_mjlot7.png","connie-senior-female-02a.png","photos","archive","internal","png",1173,"2000x1333","https://res.cloudinary.com/doa8o9alh/image/upload/v1737065151/connie-senior-female-02a_mjlot7.png"
"connie-senior-male-Benny-000a-round_qb9yjf.png","connie-senior-male-benny-000a-round.png","photos","archive","internal","png",491,"640x728","https://res.cloudinary.com/doa8o9alh/image/upload/v1737065958/connie-senior-male-Benny-000a-round_qb9yjf.png"
"connie-senior-male-Benny-000b-round_exoht8.png","connie-senior-male-benny-000b-round.png","photos","archive","internal","png",491,"640x728","https://res.cloudinary.com/doa8o9alh/image/upload/v1737065957/connie-senior-male-Benny-000b-round_exoht8.png"
"connie-senior-male-sam-00-databg_l6aq5v.png","connie-senior-male-sam-00-databg.png","photos","archive","internal","png",309,"801x587","https://res.cloudinary.com/doa8o9alh/image/upload/v1737135274/connie-senior-male-sam-00-databg_l6aq5v.png"
"connie-senior-male-sam-00-round_indtjp.png","connie-senior-male-sam-00-round.png","photos","archive","internal","png",1658,"2000x1428","https://res.cloudinary.com/doa8o9alh/image/upload/v1737134843/connie-senior-male-sam-00-round_indtjp.png"
"connie-senior-male-sam-00_hrcgo4.png","connie-senior-male-sam-00.png","photos","archive","internal","png",1748,"2000x1428","https://res.cloudinary.com/doa8o9alh/image/upload/v1737134841/connie-senior-male-sam-00_hrcgo4.png"
"connie-solution-slide1_zsodpr.png","connie-solution-slide1.png","photos","archive","internal","png",370,"2310x934","https://res.cloudinary.com/doa8o9alh/image/upload/v1768591402/connie-solution-slide1_zsodpr.png"
"connie-solution-slide1b_crgs4s.png","connie-solution-slide1b.png","photos","archive","internal","png",393,"2186x956","https://res.cloudinary.com/doa8o9alh/image/upload/v1768591421/connie-solution-slide1b_crgs4s.png"
"connie-task-router_u5xnhw.jpg","connie-task-router.jpg","photos","archive","internal","jpg",41,"1438x580","https://res.cloudinary.com/doa8o9alh/image/upload/v1768591377/connie-task-router_u5xnhw.jpg"
"team-connie-slant_l3wxru.png","connie-team-connie-slant.png","photos","primary","internal","png",1367,"2500x1360","https://res.cloudinary.com/doa8o9alh/image/upload/v1768591940/team-connie-slant_l3wxru.png"
"team-connie_ufx3xp.jpg","connie-team-connie.jpg","photos","primary","internal","jpg",1079,"2500x1360","https://res.cloudinary.com/doa8o9alh/image/upload/v1768591933/team-connie_ufx3xp.jpg"
"connie-wide-font-logo-trans_d7jctu.jpg","connie-wide-font-logo-trans.jpg","photos","archive","internal","jpg",61,"720x960","https://res.cloudinary.com/doa8o9alh/image/upload/v1750314538/connie-wide-font-logo-trans_d7jctu.jpg"
"connie-wide-font-logo_ujtdvm.jpg","connie-wide-font-logo.jpg","photos","archive","internal","jpg",31,"720x960","https://res.cloudinary.com/doa8o9alh/image/upload/v1750314538/connie-wide-font-logo_ujtdvm.jpg"
"connie_kdp2ba.ico","connie.ico","photos","archive","internal","ico",15,"16x16","https://res.cloudinary.com/doa8o9alh/image/upload/v1768590771/connie_kdp2ba.ico"
"connie_avc50k.png","connie.png","photos","archive","internal","png",16,"192x192","https://res.cloudinary.com/doa8o9alh/image/upload/v1768590772/connie_avc50k.png"
"connie1-black-logo_nb072e.png","connie1-black-logo.png","photos","archive","internal","png",3,"121x35","https://res.cloudinary.com/doa8o9alh/image/upload/v1737735088/connie1-black-logo_nb072e.png"
"connie1-white-logo_mmvp8i.png","connie1-white-logo.png","photos","archive","internal","png",3,"121x35","https://res.cloudinary.com/doa8o9alh/image/upload/v1737735087/connie1-white-logo_mmvp8i.png"
"conversation_11873765_elu4qn.png","conversation.png","photos","archive","internal","png",9,"512x512","https://res.cloudinary.com/doa8o9alh/image/upload/v1737735965/conversation_11873765_elu4qn.png"
"conversations-logo_sjkst9.png","conversations-logo.png","photos","archive","internal","png",31,"300x300","https://res.cloudinary.com/doa8o9alh/image/upload/v1737735260/conversations-logo_sjkst9.png"
"correction_et1qjc.png","correction.png","photos","archive","internal","png",19,"512x512","https://res.cloudinary.com/doa8o9alh/image/upload/v1768592099/correction_et1qjc.png"
"crm_ogk0mp.png","crm-1.png","photos","archive","internal","png",12,"512x512","https://res.cloudinary.com/doa8o9alh/image/upload/v1742914939/crm_ogk0mp.png"
"crm_h7rupj.png","crm.png","photos","archive","internal","png",12,"512x512","https://res.cloudinary.com/doa8o9alh/image/upload/v1768592092/crm_h7rupj.png"
"database_15479899_dcnwii.png","database-1.png","photos","archive","internal","png",12,"512x512","https://res.cloudinary.com/doa8o9alh/image/upload/v1742665487/database_15479899_dcnwii.png"
"database_15479899_mqjt2k.png","database-2.png","photos","archive","internal","png",12,"512x512","https://res.cloudinary.com/doa8o9alh/image/upload/v1742665046/database_15479899_mqjt2k.png"
"database_15479899_s4fgvb.png","database.png","photos","archive","internal","png",12,"512x512","https://res.cloudinary.com/doa8o9alh/image/upload/v1768592094/database_15479899_s4fgvb.png"
"dee-goldstein-connie_uo6xqs.png","dee-goldstein-connie.png","photos","primary","internal","png",338,"584x510","https://res.cloudinary.com/doa8o9alh/image/upload/v1768591967/dee-goldstein-connie_uo6xqs.png"
"email_562739_uwwtzf.png","email-1.png","photos","archive","internal","png",9,"512x512","https://res.cloudinary.com/doa8o9alh/image/upload/v1737735963/email_562739_uwwtzf.png"
"email_cpvhza.png","email.png","photos","archive","internal","png",9,"512x512","https://res.cloudinary.com/doa8o9alh/image/upload/v1742118699/email_cpvhza.png"
"fax_1925529_u8flbc.png","fax-1.png","photos","archive","internal","png",23,"512x512","https://res.cloudinary.com/doa8o9alh/image/upload/v1737735953/fax_1925529_u8flbc.png"
"fax_bwclac.png","fax.png","photos","archive","internal","png",9,"512x512","https://res.cloudinary.com/doa8o9alh/image/upload/v1742118623/fax_bwclac.png"
"features-connie-direct-one-to-one_jobn7r.png","features-connie-direct-one-to-one.png","photos","archive","internal","png",182,"1176x672","https://res.cloudinary.com/doa8o9alh/image/upload/v1768591392/features-connie-direct-one-to-one_jobn7r.png"
"financial-deal_mptlbe.png","financial-deal.png","photos","archive","internal","png",24,"512x512","https://res.cloudinary.com/doa8o9alh/image/upload/v1768592119/financial-deal_mptlbe.png"
"fingerprint-scanning-white_tniwjw.png","fingerprint-scanning-white.png","photos","archive","internal","png",17,"512x512","https://res.cloudinary.com/doa8o9alh/image/upload/v1768591825/fingerprint-scanning-white_tniwjw.png"
"fingerprint-scanning_li1g3h.png","fingerprint-scanning.png","photos","archive","internal","png",9,"512x512","https://res.cloudinary.com/doa8o9alh/image/upload/v1768591829/fingerprint-scanning_li1g3h.png"
"fingerprint_uhbti9.png","fingerprint.png","photos","archive","internal","png",18,"512x512","https://res.cloudinary.com/doa8o9alh/image/upload/v1768591824/fingerprint_uhbti9.png"
"flextime_18611062_oazvyb.png","flextime.png","photos","archive","internal","png",47,"512x512","https://res.cloudinary.com/doa8o9alh/image/upload/v1737735960/flextime_18611062_oazvyb.png"
"focus-here_rifza7.png","focus-here.png","photos","archive","internal","png",11,"512x512","https://res.cloudinary.com/doa8o9alh/image/upload/v1768592128/focus-here_rifza7.png"
"Gemini_Generated_Image_3fxt4v3fxt4v3fxt_yicprt.png","gemini-generated-image-3fxt4v3fxt4v3fxt.png","photos","archive","internal","png",1125,"1152x896","https://res.cloudinary.com/doa8o9alh/image/upload/v1767621364/Gemini_Generated_Image_3fxt4v3fxt4v3fxt_yicprt.png"
"Gemini_Generated_Image_qahxp3qahxp3qahx_uav3sq.png","gemini-generated-image-qahxp3qahxp3qahx.png","photos","archive","internal","png",989,"1152x896","https://res.cloudinary.com/doa8o9alh/image/upload/v1767621364/Gemini_Generated_Image_qahxp3qahxp3qahx_uav3sq.png"
"growth_ijykja.png","growth.png","photos","archive","internal","png",11,"512x512","https://res.cloudinary.com/doa8o9alh/image/upload/v1768592132/growth_ijykja.png"
"headshot-placeholder-3_hhsciv.png","headshot-placeholder-3.png","photos","primary","internal","png",301,"960x1200","https://res.cloudinary.com/doa8o9alh/image/upload/v1741686564/headshot-placeholder-3_hhsciv.png"
"headshot-placeholder-round_xpoxh0.webp","headshot-placeholder-round.webp","photos","primary","internal","webp",1,"300x300","https://res.cloudinary.com/doa8o9alh/image/upload/v1741686564/headshot-placeholder-round_xpoxh0.webp"
"here_duztlc.png","here.png","photos","archive","internal","png",9,"512x512","https://res.cloudinary.com/doa8o9alh/image/upload/v1768592122/here_duztlc.png"
"id-card_p01all.png","id-card.png","photos","archive","internal","png",6,"256x256","https://res.cloudinary.com/doa8o9alh/image/upload/v1742118698/id-card_p01all.png"
"image_t4lpdj.jpg","image.jpg","photos","archive","internal","jpg",57,"720x960","https://res.cloudinary.com/doa8o9alh/image/upload/v1750314538/image_t4lpdj.jpg"
"improvement_11726466_yvaw9b.png","improvement.png","photos","archive","internal","png",30,"512x512","https://res.cloudinary.com/doa8o9alh/image/upload/v1737735957/improvement_11726466_yvaw9b.png"
"isreal-hernandez_ff8tpk.jpg","isreal-hernandez.jpg","photos","archive","internal","jpg",45,"512x512","https://res.cloudinary.com/doa8o9alh/image/upload/v1768591945/isreal-hernandez_ff8tpk.jpg"
"isreal-hernandez_piqvev.png","isreal-hernandez.png","photos","archive","internal","png",1500,"1317x1350","https://res.cloudinary.com/doa8o9alh/image/upload/v1768591943/isreal-hernandez_piqvev.png"
"janice-felix-northside-senior-center-round-border_efj0i9.png","janice-felix-northside-senior-center-round-border.png","photos","archive","internal","png",272,"480x464","https://res.cloudinary.com/doa8o9alh/image/upload/v1741333774/janice-felix-northside-senior-center-round-border_efj0i9.png"
"jason-katz-twilio-connie_akmnyd.png","jason-katz-twilio-connie.png","photos","primary","internal","png",596,"756x734","https://res.cloudinary.com/doa8o9alh/image/upload/v1768591965/jason-katz-twilio-connie_akmnyd.png"
"jazon-katz-twilio-connie_d8y1hc.jpg","jazon-katz-twilio-connie.jpg","photos","primary","internal","jpg",24,"297x297","https://res.cloudinary.com/doa8o9alh/image/upload/v1768591951/jazon-katz-twilio-connie_d8y1hc.jpg"
"jeff-kline-connie_2_tofzvx.png","jeff-kline-connie-1.png","photos","primary","internal","png",612,"1022x1010","https://res.cloudinary.com/doa8o9alh/image/upload/v1768591920/jeff-kline-connie_2_tofzvx.png"
"jeff-kline-connie_mm9xvt.png","jeff-kline-connie.png","photos","primary","internal","png",612,"1022x1010","https://res.cloudinary.com/doa8o9alh/image/upload/v1768591922/jeff-kline-connie_mm9xvt.png"
"keyboard_katdnv.png","keyboard.png","photos","archive","internal","png",4,"512x512","https://res.cloudinary.com/doa8o9alh/image/upload/v1742118578/keyboard_katdnv.png"
"King-cbo-clouds_oakqwl.png","king-cbo-clouds.png","photos","variant","internal","png",218,"1137x878","https://res.cloudinary.com/doa8o9alh/image/upload/v1767621341/King-cbo-clouds_oakqwl.png"
"laptop-realistic_cbm4pp.png","laptop-realistic.png","photos","archive","internal","png",28,"1200x822","https://res.cloudinary.com/doa8o9alh/image/upload/v1767621288/laptop-realistic_cbm4pp.png"
"leanne-clark-shirley-connie_en53rq.png","leanne-clark-shirley-connie-1.png","photos","primary","internal","png",803,"942x900","https://res.cloudinary.com/doa8o9alh/image/upload/v1768591930/leanne-clark-shirley-connie_en53rq.png"
"leanne-clark-shirley-connie_glxdwx.png","leanne-clark-shirley-connie.png","photos","primary","internal","png",702,"906x844","https://res.cloudinary.com/doa8o9alh/image/upload/v1768591969/leanne-clark-shirley-connie_glxdwx.png"
"light-bulb_ycvfcf.png","light-bulb.png","photos","archive","internal","png",14,"512x512","https://res.cloudinary.com/doa8o9alh/image/upload/v1742118597/light-bulb_ycvfcf.png"
"local-demand_k5musk.png","local-demand.png","photos","archive","internal","png",351,"818x880","https://res.cloudinary.com/doa8o9alh/image/upload/v1768591412/local-demand_k5musk.png"
"local-map-background_mbrv1c.png","local-map-background.png","photos","secondary","internal","png",29,"720x576","https://res.cloudinary.com/doa8o9alh/image/upload/v1737734830/local-map-background_mbrv1c.png"
"lois-comming_jsrspj.png","lois-comming.png","photos","primary","internal","png",696,"800x770","https://res.cloudinary.com/doa8o9alh/image/upload/v1768591925/lois-comming_jsrspj.png"
"lois-cumming_ioflra.jpg","lois-cumming.jpg","photos","primary","internal","jpg",2467,"3024x4032","https://res.cloudinary.com/doa8o9alh/image/upload/v1768591955/lois-cumming_ioflra.jpg"
"lois-cumming_skapgu.png","lois-cumming.png","photos","primary","internal","png",365,"600x533","https://res.cloudinary.com/doa8o9alh/image/upload/v1741333744/lois-cumming_skapgu.png"
"loudspeakers_13450032_zpuly4.png","loudspeakers.png","photos","archive","internal","png",36,"512x512","https://res.cloudinary.com/doa8o9alh/image/upload/v1737735952/loudspeakers_13450032_zpuly4.png"
"marcelo-morales-connie_b0ccwe.png","marcelo-morales-connie.png","photos","primary","internal","png",541,"716x712","https://res.cloudinary.com/doa8o9alh/image/upload/v1768591956/marcelo-morales-connie_b0ccwe.png"
"message_loobwc.png","message.png","photos","archive","internal","png",9,"512x512","https://res.cloudinary.com/doa8o9alh/image/upload/v1742118598/message_loobwc.png"
"messenger_xlsf6q.png","messenger.png","photos","archive","internal","png",18,"512x512","https://res.cloudinary.com/doa8o9alh/image/upload/v1742118692/messenger_xlsf6q.png"
"michelle-xu_kcautu.png","michelle-xu.png","photos","archive","internal","png",507,"740x716","https://res.cloudinary.com/doa8o9alh/image/upload/v1768591915/michelle-xu_kcautu.png"
"mike-schmitt-twilio-connie_evtaxe.jpg","mike-schmitt-twilio-connie.jpg","photos","primary","internal","jpg",5,"225x225","https://res.cloudinary.com/doa8o9alh/image/upload/v1768591950/mike-schmitt-twilio-connie_evtaxe.jpg"
"mike-schmitt-twilio-connie_loigrx.png","mike-schmitt-twilio-connie.png","photos","primary","internal","png",429,"696x702","https://res.cloudinary.com/doa8o9alh/image/upload/v1768591964/mike-schmitt-twilio-connie_loigrx.png"
"multi-tenant-vs-multi-user-2048x943_j5dzpx.webp","multi-tenant-vs-multi-user-2048x943.webp","photos","archive","internal","webp",19,"1200x553","https://res.cloudinary.com/doa8o9alh/image/upload/v1768591376/multi-tenant-vs-multi-user-2048x943_j5dzpx.webp"
"nadine-lin-connie_yg94jf.png","nadine-lin-connie.png","photos","primary","internal","png",682,"734x730","https://res.cloudinary.com/doa8o9alh/image/upload/v1768591961/nadine-lin-connie_yg94jf.png"
"network_9194968_jlvu9f.png","network.png","photos","archive","internal","png",51,"512x512","https://res.cloudinary.com/doa8o9alh/image/upload/v1737735958/network_9194968_jlvu9f.png"
"nhi-huynh-connie_qith28.png","nhi-huynh-connie.png","photos","primary","internal","png",883,"718x710","https://res.cloudinary.com/doa8o9alh/image/upload/v1768591959/nhi-huynh-connie_qith28.png"
"paul-loh_a5a9vq.png","paul-loh.png","photos","archive","internal","png",648,"824x808","https://res.cloudinary.com/doa8o9alh/image/upload/v1768591926/paul-loh_a5a9vq.png"
"peter-kaldes-connie_amzbjh.png","peter-kaldes-connie.png","photos","primary","internal","png",519,"736x712","https://res.cloudinary.com/doa8o9alh/image/upload/v1768591962/peter-kaldes-connie_amzbjh.png"
"Peter-Kaldes_adat3g.jpg","peter-kaldes.jpg","photos","primary","internal","jpg",3544,"2400x3000","https://res.cloudinary.com/doa8o9alh/image/upload/v1768591975/Peter-Kaldes_adat3g.jpg"
"peter-kaldes_jstszp.png","peter-kaldes.png","photos","primary","internal","png",744,"890x870","https://res.cloudinary.com/doa8o9alh/image/upload/v1768591928/peter-kaldes_jstszp.png"
"phone-call_a2ozmk.png","phone-call.png","photos","archive","internal","png",11,"512x512","https://res.cloudinary.com/doa8o9alh/image/upload/v1742118703/phone-call_a2ozmk.png"
"plain-blue_wwwppz.png","plain-blue.png","photos","archive","internal","png",3602,"2858x1606","https://res.cloudinary.com/doa8o9alh/image/upload/v1768591795/plain-blue_wwwppz.png"
"play_e7grlo.png","play.png","photos","archive","internal","png",17,"512x512","https://res.cloudinary.com/doa8o9alh/image/upload/v1742118685/play_e7grlo.png"
"portrait-old-smiling-greyhaired-lady-looking-screen-mobile-phone_dj718m.png","portrait-old-smiling-greyhaired-lady-looking-screen-mobile-phone.png","photos","primary","internal","png",1983,"1609x2000","https://res.cloudinary.com/doa8o9alh/image/upload/v1767621306/portrait-old-smiling-greyhaired-lady-looking-screen-mobile-phone_dj718m.png"
"program-manager-headshot-R_ahizeq.png","program-manager-headshot-r.png","photos","primary","internal","png",419,"829x812","https://res.cloudinary.com/doa8o9alh/image/upload/v1741333835/program-manager-headshot-R_ahizeq.png"
"program-manager-trans-a_h01haz.png","program-manager-trans-a.png","photos","archive","internal","png",862,"1054x1220","https://res.cloudinary.com/doa8o9alh/image/upload/v1741333833/program-manager-trans-a_h01haz.png"
"program-manager-trans-b_qjur9w.png","program-manager-trans-b.png","photos","archive","internal","png",863,"1054x1220","https://res.cloudinary.com/doa8o9alh/image/upload/v1741333834/program-manager-trans-b_qjur9w.png"
"program-manager_crljgq.png","program-manager.png","photos","archive","internal","png",1068,"1042x1386","https://res.cloudinary.com/doa8o9alh/image/upload/v1741333834/program-manager_crljgq.png"
"purple-circle_mmhgyk.png","purple-circle.png","photos","archive","internal","png",18,"611x611","https://res.cloudinary.com/doa8o9alh/image/upload/v1737134965/purple-circle_mmhgyk.png"
"quan-nguyen_ckaoje.png","quan-nguyen-1.png","photos","primary","internal","png",1091,"1374x1244","https://res.cloudinary.com/doa8o9alh/image/upload/v1768591935/quan-nguyen_ckaoje.png"
"quan-nguyen_qga9x7.png","quan-nguyen.png","photos","primary","internal","png",526,"762x758","https://res.cloudinary.com/doa8o9alh/image/upload/v1768591957/quan-nguyen_qga9x7.png"
"relation_6679625_wppszf.png","relation.png","photos","archive","internal","png",22,"512x512","https://res.cloudinary.com/doa8o9alh/image/upload/v1737735962/relation_6679625_wppszf.png"
"sample.jpg","sample.jpg","photos","archive","internal","jpg",117,"864x576","https://res.cloudinary.com/doa8o9alh/image/upload/v1736342534/sample.jpg"
"Screen_Shot_2022-04-06_at_11.50.38_AM_xsanm4.png","screen-shot-2022-04-06-at-11.50.38-am.png","photos","archive","internal","png",952,"2100x1748","https://res.cloudinary.com/doa8o9alh/image/upload/v1768591427/Screen_Shot_2022-04-06_at_11.50.38_AM_xsanm4.png"
"Screen_Shot_2022-04-08_at_8.32.15_AM_cxgyie.png","screen-shot-2022-04-08-at-8.32.15-am.png","photos","archive","internal","png",18,"154x130","https://res.cloudinary.com/doa8o9alh/image/upload/v1742118688/Screen_Shot_2022-04-08_at_8.32.15_AM_cxgyie.png"
"Screen_Shot_2022-04-08_at_8.32.23_AM_eaa758.png","screen-shot-2022-04-08-at-8.32.23-am.png","photos","archive","internal","png",17,"138x124","https://res.cloudinary.com/doa8o9alh/image/upload/v1742118688/Screen_Shot_2022-04-08_at_8.32.23_AM_eaa758.png"
"Screen_Shot_2022-04-08_at_8.32.29_AM_lnxuaj.png","screen-shot-2022-04-08-at-8.32.29-am.png","photos","archive","internal","png",19,"130x108","https://res.cloudinary.com/doa8o9alh/image/upload/v1742118686/Screen_Shot_2022-04-08_at_8.32.29_AM_lnxuaj.png"
"Screen_Shot_2022-04-08_at_9.21.25_AM_npcqu2.png","screen-shot-2022-04-08-at-9.21.25-am.png","photos","archive","internal","png",13,"156x118","https://res.cloudinary.com/doa8o9alh/image/upload/v1742118686/Screen_Shot_2022-04-08_at_9.21.25_AM_npcqu2.png"
"Screen_Shot_2022-04-08_at_9.24.46_AM_zcgyiw.png","screen-shot-2022-04-08-at-9.24.46-am.png","photos","archive","internal","png",353,"1908x840","https://res.cloudinary.com/doa8o9alh/image/upload/v1768591424/Screen_Shot_2022-04-08_at_9.24.46_AM_zcgyiw.png"
"Screen_Shot_2022-05-30_at_11.36.10_AM_tqayns.png","screen-shot-2022-05-30-at-11.36.10-am.png","photos","archive","internal","png",715,"2260x1142","https://res.cloudinary.com/doa8o9alh/image/upload/v1768591427/Screen_Shot_2022-05-30_at_11.36.10_AM_tqayns.png"
"Screen_Shot_2022-06-21_at_12.15.12_PM_ts7rjr.png","screen-shot-2022-06-21-at-12.15.12-pm.png","photos","archive","internal","png",207,"3170x1188","https://res.cloudinary.com/doa8o9alh/image/upload/v1768591402/Screen_Shot_2022-06-21_at_12.15.12_PM_ts7rjr.png"
"Screen_Shot_2022-07-24_at_6.09.43_PM_px2xlr.png","screen-shot-2022-07-24-at-6.09.43-pm.png","photos","archive","internal","png",216,"1518x656","https://res.cloudinary.com/doa8o9alh/image/upload/v1768591414/Screen_Shot_2022-07-24_at_6.09.43_PM_px2xlr.png"
"Screen_Shot_2022-07-25_at_2.05.28_PM_ewbf5u.png","screen-shot-2022-07-25-at-2.05.28-pm.png","photos","archive","internal","png",115,"1418x624","https://res.cloudinary.com/doa8o9alh/image/upload/v1768591389/Screen_Shot_2022-07-25_at_2.05.28_PM_ewbf5u.png"
"Screen_Shot_2022-07-28_at_9.43.08_AM_c52zmg.png","screen-shot-2022-07-28-at-9.43.08-am.png","photos","archive","internal","png",592,"2154x1656","https://res.cloudinary.com/doa8o9alh/image/upload/v1768591425/Screen_Shot_2022-07-28_at_9.43.08_AM_c52zmg.png"
"Screen_Shot_2023-04-26_at_1.07.03_PM_cfqkpa.png","screen-shot-2023-04-26-at-1.07.03-pm.png","photos","archive","internal","png",738,"2010x1392","https://res.cloudinary.com/doa8o9alh/image/upload/v1768591426/Screen_Shot_2023-04-26_at_1.07.03_PM_cfqkpa.png"
"Screenshot_2024-03-11_at_8.16.40_PM_kkkw5v.png","screenshot-2024-03-11-at-8.16.40-pm.png","photos","secondary","internal","png",180,"604x410","https://res.cloudinary.com/doa8o9alh/image/upload/v1768591395/Screenshot_2024-03-11_at_8.16.40_PM_kkkw5v.png"
"Screenshot_2024-03-12_at_8.20.04_AM_u1gmhj.png","screenshot-2024-03-12-at-8.20.04-am.png","photos","secondary","internal","png",310,"1032x876","https://res.cloudinary.com/doa8o9alh/image/upload/v1768591420/Screenshot_2024-03-12_at_8.20.04_AM_u1gmhj.png"
"Screenshot-2024-03-25-at-4-58-53-AM_luwpez.png","screenshot-2024-03-25-at-4-58-53-am.png","photos","secondary","internal","png",175,"1098x646","https://res.cloudinary.com/doa8o9alh/image/upload/v1767621374/Screenshot-2024-03-25-at-4-58-53-AM_luwpez.png"
"Screenshot_2024-04-14_at_3.23.51_PM_tgwzlq.png","screenshot-2024-04-14-at-3.23.51-pm.png","photos","secondary","internal","png",397,"818x880","https://res.cloudinary.com/doa8o9alh/image/upload/v1768591421/Screenshot_2024-04-14_at_3.23.51_PM_tgwzlq.png"
"senior-transport-services-2_m6cvdq.jpg","senior-transport-services-2.jpg","photos","archive","internal","jpg",263,"410x494","https://res.cloudinary.com/doa8o9alh/image/upload/v1737137322/senior-transport-services-2_m6cvdq.jpg"
"slide-bg_yf9raa.png","slide-bg.png","photos","archive","internal","png",82,"1280x718","https://res.cloudinary.com/doa8o9alh/image/upload/v1767621412/slide-bg_yf9raa.png"
"smarthouse_1_mt3uva.png","smarthouse-1.png","photos","archive","internal","png",1,"64x64","https://res.cloudinary.com/doa8o9alh/image/upload/v1742118707/smarthouse_1_mt3uva.png"
"smarthouse_dkbs21.png","smarthouse.png","photos","archive","internal","png",1,"24x24","https://res.cloudinary.com/doa8o9alh/image/upload/v1742118708/smarthouse_dkbs21.png"
"smartphone_ktewu9.png","smartphone.png","photos","archive","internal","png",1,"64x64","https://res.cloudinary.com/doa8o9alh/image/upload/v1742118703/smartphone_ktewu9.png"
"stephen-farber_y0q7uo.png","stephen-farber.png","photos","archive","internal","png",425,"800x828","https://res.cloudinary.com/doa8o9alh/image/upload/v1768591914/stephen-farber_y0q7uo.png"
"tadtmznw8iw2smjfiut6.webp","tadtmznw8iw2smjfiut6.webp","photos","archive","internal","webp",6,"300x296","https://res.cloudinary.com/doa8o9alh/image/upload/v1736351053/ai_local_udemy/tadtmznw8iw2smjfiut6.webp"
"tariel-goldstien_2_imoi7v.png","tariel-goldstien-1.png","photos","archive","internal","png",1247,"1332x1302","https://res.cloudinary.com/doa8o9alh/image/upload/v1768591936/tariel-goldstien_2_imoi7v.png"
"tariel-goldstien_lxpnjg.png","tariel-goldstien.png","photos","archive","internal","png",680,"600x591","https://res.cloudinary.com/doa8o9alh/image/upload/v1768591946/tariel-goldstien_lxpnjg.png"
"transfer_sp7xwl.png","transfer.png","photos","archive","internal","png",6,"512x512","https://res.cloudinary.com/doa8o9alh/image/upload/v1768592124/transfer_sp7xwl.png"
"voice-command_shqnba.png","voice-command.png","photos","archive","internal","png",1,"64x64","https://res.cloudinary.com/doa8o9alh/image/upload/v1742118705/voice-command_shqnba.png"
"voicemail_sc3uqs.png","voicemail.png","photos","archive","internal","png",7,"512x512","https://res.cloudinary.com/doa8o9alh/image/upload/v1742118578/voicemail_sc3uqs.png"
"weak_fi3gbk.png","weak.png","photos","archive","internal","png",19,"512x512","https://res.cloudinary.com/doa8o9alh/image/upload/v1742118597/weak_fi3gbk.png"
"wendi-burkhardt_impv0r.png","wendi-burkhardt.png","photos","archive","internal","png",481,"826x760","https://res.cloudinary.com/doa8o9alh/image/upload/v1768591917/wendi-burkhardt_impv0r.png"
"whatsapp_ghiykn.jpg","whatsapp.jpg","photos","archive","internal","jpg",5,"204x192","https://res.cloudinary.com/doa8o9alh/image/upload/v1742118623/whatsapp_ghiykn.jpg"
"willie-chalmers_vqyr8i.png","willie-chalmers-1.png","photos","primary","internal","png",1610,"1336x1311","https://res.cloudinary.com/doa8o9alh/image/upload/v1768591942/willie-chalmers_vqyr8i.png"
"willie-chalmers_p12vyk.png","willie-chalmers.png","photos","primary","internal","png",332,"506x502","https://res.cloudinary.com/doa8o9alh/image/upload/v1768591976/willie-chalmers_p12vyk.png"
"www_zg3rfm.png","www.png","photos","archive","internal","png",20,"512x512","https://res.cloudinary.com/doa8o9alh/image/upload/v1768592104/www_zg3rfm.png"
"y6swbwzavr52hpm9fndf.jpg","y6swbwzavr52hpm9fndf.jpg","photos","archive","internal","jpg",26,"300x300","https://res.cloudinary.com/doa8o9alh/image/upload/v1741643276/ai_local_udemy/y6swbwzavr52hpm9fndf.jpg"
"ypmwbil0vdf8z6xiowwi.jpg","ypmwbil0vdf8z6xiowwi.jpg","photos","archive","internal","jpg",26,"300x300","https://res.cloudinary.com/doa8o9alh/image/upload/v1741643607/ai_local_udemy/ypmwbil0vdf8z6xiowwi.jpg"
"facebook_2_ukye1p.png","facebook-1.png","social","primary","internal","png",4,"512x512","https://res.cloudinary.com/doa8o9alh/image/upload/v1768592115/facebook_2_ukye1p.png"
"facebook_hovqxk.png","facebook.png","social","primary","internal","png",4,"512x512","https://res.cloudinary.com/doa8o9alh/image/upload/v1768592201/facebook_hovqxk.png"
"social-media_zv0ydc.png","social-media.png","social","primary","internal","png",17,"512x512","https://res.cloudinary.com/doa8o9alh/image/upload/v1742118578/social-media_zv0ydc.png"
"connie-docs-logo_jcsgjn.png","connie-docs-logo-1.png","templates","primary","internal","png",133,"1200x461","https://res.cloudinary.com/doa8o9alh/image/upload/v1750314537/connie-docs-logo_jcsgjn.png"
"connie-docs-logo_krdqf4.png","connie-docs-logo.png","templates","primary","internal","png",133,"1200x461","https://res.cloudinary.com/doa8o9alh/image/upload/v1757167683/connie-docs-logo_krdqf4.png"
"doctor_1_cnlwxn.png","doctor-1.png","templates","primary","internal","png",2,"64x64","https://res.cloudinary.com/doa8o9alh/image/upload/v1742118705/doctor_1_cnlwxn.png"
"doctor_u5fj63.png","doctor.png","templates","primary","internal","png",17,"512x512","https://res.cloudinary.com/doa8o9alh/image/upload/v1742118706/doctor_u5fj63.png"
"pdf-file_gc0ifn.png","pdf-file.png","templates","primary","internal","png",6,"512x512","https://res.cloudinary.com/doa8o9alh/image/upload/v1768592106/pdf-file_gc0ifn.png"
"pdf-locked_qhjiuo.png","pdf-locked.png","templates","primary","internal","png",30,"512x512","https://res.cloudinary.com/doa8o9alh/image/upload/v1768592108/pdf-locked_qhjiuo.png"
"pdf_avol7t.png","pdf.png","templates","primary","internal","png",11,"512x512","https://res.cloudinary.com/doa8o9alh/image/upload/v1742118597/pdf_avol7t.png"
"spreadsheet_ckr6rw.png","spreadsheet-1.png","templates","primary","internal","png",12,"512x512","https://res.cloudinary.com/doa8o9alh/image/upload/v1742914938/spreadsheet_ckr6rw.png"
"spreadsheet_ujjd39.png","spreadsheet.png","templates","primary","internal","png",12,"512x512","https://res.cloudinary.com/doa8o9alh/image/upload/v1768592090/spreadsheet_ujjd39.png"